ORIGEM, DESTINO
Piracicaba, FEIRA DE SANTANA
Piracicaba, SAO GONCALO DOS CAMPOS
Piracicaba, BRASILIA
Piracicaba, SANTA MARIA DE JETIBA
Piracicaba, ITABERAI
Piracicaba, MINEIROS
Piracicaba, NOVA VENEZA
Piracicaba, RIO VERDE
Piracicaba, IGARATINGA
Piracicaba, PARA DE MINAS
Piracicaba, PASSOS
Piracicaba, PATROCINIO
Piracicaba, RESSAQUINHA
Piracicaba, SAO SEBASTIAO DO OESTE
Piracicaba, SETE LAGOAS
Piracicaba, UBERABA
Piracicaba, UBERLANDIA
Piracicaba, BRASILANDIA
Piracicaba, CAARAPO
Piracicaba, DOURADOS
Piracicaba, SIDROLANDIA
Piracicaba, LUCAS DO RIO VERDE
Piracicaba, NOVA MUTUM
Piracicaba, TANGARA DA SERRA
Piracicaba, GUARABIRA
Piracicaba, CAFELANDIA
Piracicaba, CAMPO MOURAO
Piracicaba, CASCAVEL
Piracicaba, CIANORTE
Piracicaba, DOIS VIZINHOS
Piracicaba, ENTRE RIOS DO OESTE
Piracicaba, FRANCISCO BELTRAO
Piracicaba, INDIANOPOLIS
Piracicaba, ITAPEJARA D'OESTE
Piracicaba, JACAREZINHO
Piracicaba, JESUITAS
Piracicaba, LAPA
Piracicaba, MANDAGUARI
Piracicaba, MARINGA
Piracicaba, PALOTINA
Piracicaba, PARANAVAI
Piracicaba, ROLANDIA
Piracicaba, SANTA HELENA
Piracicaba, SANTO INACIO
Piracicaba, TOLEDO
Piracicaba, ARROIO DO MEIO
Piracicaba, ERECHIM
Piracicaba, ESTRELA
Piracicaba, FREDERICO WESTPHALEN
Piracicaba, GARIBALDI
Piracicaba, GAURAMA
Piracicaba, MARAU
Piracicaba, MONTENEGRO
Piracicaba, NOVA BASSANO
Piracicaba, SANTA ROSA
Piracicaba, TAPEJARA
Piracicaba, TRES PASSOS
Piracicaba, TRINDADE DO SUL
Piracicaba, CAMPOS NOVOS
Piracicaba, CRICIUMA
Piracicaba, CHAPECO
Piracicaba, CONCORDIA
Piracicaba, CUNHA PORA
Piracicaba, FAXINAL DOS GUEDES
Piracicaba, IPUMIRIM
Piracicaba, ITAPIRANGA
Piracicaba, JOACABA
Piracicaba, LAURENTINO
Piracicaba, MAFRA
Piracicaba, MORRO GRANDE
Piracicaba, QUILOMBO
Piracicaba, SAO JOSE
Piracicaba, SAO MIGUEL DO OESTE
Piracicaba, VIDEIRA
Piracicaba, XANXERE
Piracicaba, XAXIM
Piracicaba, AGUDOS
Piracicaba, AMPARO
Piracicaba, BANANAL
Piracicaba, BOITUVA
Piracicaba, BROTAS
Piracicaba, CABREUVA
Piracicaba, GUAPIAÃ‡U
Piracicaba, HOLAMBRA
Piracicaba, ITAPETININGA
Piracicaba, ITU
Piracicaba, JABOTICABAL
Piracicaba, MOCOCA
Piracicaba, NUPORANGA
Piracicaba, PAULINIA
Piracicaba, SAO CARLOS
Piracicaba, UBARANA